<?xml version="1.0" encoding="utf-8" ?>
<dwsync>
<file name="mgdfavicon.ico" server="ftp.mikedryburgh.com//public_html/mikedryburgh.com/" local="130742265840000000" remote="130744685400000000" Dst="2" />
<file name="bx_loader.gif" server="ftp.mikedryburgh.com//public_html/mikedryburgh.com/" local="130224869860000000" remote="130744685400000000" Dst="2" />
<file name="background.png" server="ftp.mikedryburgh.com//public_html/mikedryburgh.com/" local="130747523260000000" remote="130747574400000000" Dst="2" />
<file name="controls.png" server="ftp.mikedryburgh.com//public_html/mikedryburgh.com/" local="130224869860000000" remote="130744685400000000" Dst="2" />
<file name="Facebook_Icon.png" server="ftp.mikedryburgh.com//public_html/mikedryburgh.com/" local="130247688000000000" remote="130744685400000000" Dst="2" />
<file name="FRCC-Logo_white.png" server="ftp.mikedryburgh.com//public_html/mikedryburgh.com/" local="130730156880000000" remote="130744685400000000" Dst="2" />
<file name="Twitter_Icon.png" server="ftp.mikedryburgh.com//public_html/mikedryburgh.com/" local="130730283400000000" remote="130744685400000000" Dst="2" />
<file name="linkedin_Icon.png" server="ftp.mikedryburgh.com//public_html/mikedryburgh.com/" local="130729348440000000" remote="130744685400000000" Dst="2" />
<file name="Email_Icon.png" server="ftp.mikedryburgh.com//public_html/mikedryburgh.com/" local="130729382060000000" remote="130744685400000000" Dst="2" />
<file name="smiling-laptop-student-Rido.jpg" server="ftp.mikedryburgh.com//public_html/mikedryburgh.com/" local="130730191860000000" remote="130744685400000000" Dst="2" />
<file name="graphicdesign_button.gif" server="ftp.mikedryburgh.com//public_html/mikedryburgh.com/" local="130730185260000000" remote="130744685400000000" Dst="2" />
<file name="website_button.gif" server="ftp.mikedryburgh.com//public_html/mikedryburgh.com/" local="130730186020000000" remote="130744685400000000" Dst="2" />
<file name="animation_button.gif" server="ftp.mikedryburgh.com//public_html/mikedryburgh.com/" local="130730181780000000" remote="130744685400000000" Dst="2" />
<file name="video_button.gif" server="ftp.mikedryburgh.com//public_html/mikedryburgh.com/" local="130730186840000000" remote="130744685400000000" Dst="2" />
<file name="brandon_berman.jpg" server="ftp.mikedryburgh.com//public_html/mikedryburgh.com/" local="130730171400000000" remote="130744691400000000" Dst="2" />
<file name="bryan_guiese.jpg" server="ftp.mikedryburgh.com//public_html/mikedryburgh.com/" local="130730172680000000" remote="130744691400000000" Dst="2" />
<file name="christian_fergus.jpg" server="ftp.mikedryburgh.com//public_html/mikedryburgh.com/" local="130730172540000000" remote="130744691400000000" Dst="2" />
<file name="floyd_chapman.jpg" server="ftp.mikedryburgh.com//public_html/mikedryburgh.com/" local="130730172200000000" remote="130744691400000000" Dst="2" />
<file name="janine_Musser.jpg" server="ftp.mikedryburgh.com//public_html/mikedryburgh.com/" local="130730172900000000" remote="130744691400000000" Dst="2" />
<file name="jeff_maynard.jpg" server="ftp.mikedryburgh.com//public_html/mikedryburgh.com/" local="130730172800000000" remote="130744691400000000" Dst="2" />
<file name="Linkedin_Icon.png" server="ftp.mikedryburgh.com//public_html/mikedryburgh.com/" local="130729348440000000" remote="130744691400000000" Dst="2" />
<file name="michael_conti.jpg" server="ftp.mikedryburgh.com//public_html/mikedryburgh.com/" local="130730172320000000" remote="130744691400000000" Dst="2" />
<file name="mike_ruperto.jpg" server="ftp.mikedryburgh.com//public_html/mikedryburgh.com/" local="130730172060000000" remote="130744691400000000" Dst="2" />
<file name="terry_Toepfer.jpg" server="ftp.mikedryburgh.com//public_html/mikedryburgh.com/" local="130730173360000000" remote="130744691400000000" Dst="2" />
<file name="vince_Sherry.jpg" server="ftp.mikedryburgh.com//public_html/mikedryburgh.com/" local="130730173000000000" remote="130744691400000000" Dst="2" />
<file name="WC_reversed.eps" server="ftp.mikedryburgh.com//public_html/mikedryburgh.com/" local="130720713700000000" remote="130744691400000000" Dst="2" />
<file name="header_MGD.jpg" server="ftp.mikedryburgh.com//public_html/mikedryburgh.com/" local="130747516860000000" remote="130747554000000000" Dst="2" />
<file name="juli_duffer.jpg" server="ftp.mikedryburgh.com//public_html/mikedryburgh.com/" local="130730172400000000" remote="130748354400000000" Dst="2" />
<file name="page_not_found.jpg" server="ftp.mikedryburgh.com//public_html/mikedryburgh.com/" local="130748435400000000" remote="130748473200000000" Dst="2" />
</dwsync>