<?xml version="1.0" encoding="utf-8" ?>
<dwsync>
<file name="reddick-web.jpg" server="ftp.mikedryburgh.com//public_html/mikedryburgh.com/" local="130735352160000000" remote="130744686000000000" Dst="2" />
<file name="tClaussen-web.jpg" server="ftp.mikedryburgh.com//public_html/mikedryburgh.com/" local="130735352500000000" remote="130744686000000000" Dst="2" />
<file name="colgen-web.jpg" server="ftp.mikedryburgh.com//public_html/mikedryburgh.com/" local="130735351520000000" remote="130744686000000000" Dst="2" />
<file name="Arturo_Tovar_mgd2014.jpg" server="ftp.mikedryburgh.com//public_html/mikedryburgh.com/" local="130748095460000000" remote="130748150400000000" Dst="2" />
<file name="Arturo_Tovar_sas-home-prototypeA.jpg" server="ftp.mikedryburgh.com//public_html/mikedryburgh.com/" local="130748095580000000" remote="130748150400000000" Dst="2" />
<file name="Arturo_Tovar_sas-home-prototypeB.jpg" server="ftp.mikedryburgh.com//public_html/mikedryburgh.com/" local="130748095680000000" remote="130748150400000000" Dst="2" />
<file name="Arturo_Tovar_sas-mobile-prototype.jpg" server="ftp.mikedryburgh.com//public_html/mikedryburgh.com/" local="130748117620000000" remote="130748354400000000" Dst="2" />
<file name="Spencer_Greenfield_Project_4.jpg" server="ftp.mikedryburgh.com//public_html/mikedryburgh.com/" local="130748474800000000" remote="130750947000000000" Dst="2" />
</dwsync>