<?xml version="1.0" encoding="utf-8" ?>
<dwsync>
<file name="global-warming.png" server="ftp.mikedryburgh.com//public_html/mikedryburgh.com/" local="130732919680000000" remote="130744685400000000" Dst="2" />
<file name="tiger.jpg" server="ftp.mikedryburgh.com//public_html/mikedryburgh.com/" local="130732900120000000" remote="130744685400000000" Dst="2" />
<file name="zarkana.png" server="ftp.mikedryburgh.com//public_html/mikedryburgh.com/" local="130736388120000000" remote="130744685400000000" Dst="2" />
<file name="chopaclysm.jpg" server="ftp.mikedryburgh.com//public_html/mikedryburgh.com/" local="130732919840000000" remote="130744686000000000" Dst="2" />
<file name="AmandaEckenroth.png" server="ftp.mikedryburgh.com//public_html/mikedryburgh.com/" local="130736388660000000" remote="130744686000000000" Dst="2" />
<file name="AnastasiaTodd.jpg" server="ftp.mikedryburgh.com//public_html/mikedryburgh.com/" local="130736388860000000" remote="130744686000000000" Dst="2" />
<file name="BryantTran.jpg" server="ftp.mikedryburgh.com//public_html/mikedryburgh.com/" local="130736389040000000" remote="130744686000000000" Dst="2" />
<file name="DavidHuerta.jpg" server="ftp.mikedryburgh.com//public_html/mikedryburgh.com/" local="130736389280000000" remote="130744686000000000" Dst="2" />
<file name="EricaMcWhorter.jpg" server="ftp.mikedryburgh.com//public_html/mikedryburgh.com/" local="130736389440000000" remote="130744686000000000" Dst="2" />
<file name="JasonJohnson.jpg" server="ftp.mikedryburgh.com//public_html/mikedryburgh.com/" local="130736389780000000" remote="130744686000000000" Dst="2" />
<file name="JoseCenizares.jpg" server="ftp.mikedryburgh.com//public_html/mikedryburgh.com/" local="130736389940000000" remote="130744686000000000" Dst="2" />
<file name="hatfield.jpg" server="ftp.mikedryburgh.com//public_html/mikedryburgh.com/" local="130736390100000000" remote="130744686000000000" Dst="2" />
<file name="finalProject.png" server="ftp.mikedryburgh.com//public_html/mikedryburgh.com/" local="130736389620000000" remote="130744686000000000" Dst="2" />
<file name="Amanda_comp3.jpg" server="ftp.mikedryburgh.com//public_html/mikedryburgh.com/" local="130748033860000000" remote="130748104200000000" Dst="2" />
<file name="Grace-M.jpg" server="ftp.mikedryburgh.com//public_html/mikedryburgh.com/" local="130748034240000000" remote="130748104800000000" Dst="2" />
<file name="Grace_M.png" server="ftp.mikedryburgh.com//public_html/mikedryburgh.com/" local="130738663180000000" remote="130748104800000000" Dst="2" />
<file name="ScottOneyLogo1.jpg" server="ftp.mikedryburgh.com//public_html/mikedryburgh.com/" local="130748064880000000" remote="130748104800000000" Dst="2" />
<file name="ScottOneyLogo2.jpg" server="ftp.mikedryburgh.com//public_html/mikedryburgh.com/" local="130748061140000000" remote="130748104800000000" Dst="2" />
<file name="ScottOneyLogo3.jpg" server="ftp.mikedryburgh.com//public_html/mikedryburgh.com/" local="130748065060000000" remote="130748104800000000" Dst="2" />
<file name="brandau_poster.jpg" server="ftp.mikedryburgh.com//public_html/mikedryburgh.com/" local="130748082580000000" remote="130748134800000000" Dst="2" />
<file name="gg_poster.jpg" server="ftp.mikedryburgh.com//public_html/mikedryburgh.com/" local="130748083820000000" remote="130748134800000000" Dst="2" />
<file name="Howard_poster.jpg" server="ftp.mikedryburgh.com//public_html/mikedryburgh.com/" local="130748084660000000" remote="130748134800000000" Dst="2" />
<file name="JessicaSullivan_Ex6-Poster.jpg" server="ftp.mikedryburgh.com//public_html/mikedryburgh.com/" local="130748085620000000" remote="130748134800000000" Dst="2" />
<file name="radiohead-poster_project1.jpg" server="ftp.mikedryburgh.com//public_html/mikedryburgh.com/" local="130748086380000000" remote="130748134800000000" Dst="2" />
<file name="Rita-Stewart-flylines.jpg" server="ftp.mikedryburgh.com//public_html/mikedryburgh.com/" local="130748087800000000" remote="130748134800000000" Dst="2" />
<file name="TyannCompositeLogoDesigns1.jpg" server="ftp.mikedryburgh.com//public_html/mikedryburgh.com/" local="130748066820000000" remote="130748134800000000" Dst="2" />
<file name="TyannCompositeLogoDesigns2.jpg" server="ftp.mikedryburgh.com//public_html/mikedryburgh.com/" local="130748066960000000" remote="130748134800000000" Dst="2" />
<file name="TyannCompositeLogoDesigns3.jpg" server="ftp.mikedryburgh.com//public_html/mikedryburgh.com/" local="130748067240000000" remote="130748134800000000" Dst="2" />
<file name="TyannCompositeLogoDesigns4.jpg" server="ftp.mikedryburgh.com//public_html/mikedryburgh.com/" local="130748077180000000" remote="130748135400000000" Dst="2" />
<file name="Victor_Mejia_logos_done1.jpg" server="ftp.mikedryburgh.com//public_html/mikedryburgh.com/" local="130748077520000000" remote="130748135400000000" Dst="2" />
<file name="Victor_Mejia_logos_done2.jpg" server="ftp.mikedryburgh.com//public_html/mikedryburgh.com/" local="130748077680000000" remote="130748135400000000" Dst="2" />
<file name="Victor_Mejia_logos_done3.jpg" server="ftp.mikedryburgh.com//public_html/mikedryburgh.com/" local="130748077840000000" remote="130748135400000000" Dst="2" />
<file name="Victor_Mejia_logos_done4.jpg" server="ftp.mikedryburgh.com//public_html/mikedryburgh.com/" local="130748078080000000" remote="130748135400000000" Dst="2" />
<file name="Vince_Sherry_problem2HomeOrigAlt4.jpg" server="ftp.mikedryburgh.com//public_html/mikedryburgh.com/" local="130748081020000000" remote="130748135400000000" Dst="2" />
<file name="508946-622182---Rita-Stewart---Dec-5-2013-1014-AM---hair.jpg" server="ftp.mikedryburgh.com//public_html/mikedryburgh.com/" local="130748088500000000" remote="130748146200000000" Dst="2" />
<file name="586045-622182---Amy-Chambers---Dec-4-2013-917-PM---achambersSymbols---winec6_1.jpg" server="ftp.mikedryburgh.com//public_html/mikedryburgh.com/" local="130748089100000000" remote="130748146200000000" Dst="2" />
<file name="586045-622182---Amy-Chambers---Dec-4-2013-917-PM---achambersSymbols---winec6_2.jpg" server="ftp.mikedryburgh.com//public_html/mikedryburgh.com/" local="130748089300000000" remote="130748146200000000" Dst="2" />
<file name="586045-622182---Amy-Chambers---Dec-4-2013-917-PM---achambersSymbols---winec6_3.jpg" server="ftp.mikedryburgh.com//public_html/mikedryburgh.com/" local="130748089520000000" remote="130748146200000000" Dst="2" />
<file name="Aleya.jpg" server="ftp.mikedryburgh.com//public_html/mikedryburgh.com/" local="130748094320000000" remote="130750248600000000" Dst="2" />
<file name="brandau_iconic_expression-1.jpg" server="ftp.mikedryburgh.com//public_html/mikedryburgh.com/" local="130748472160000000" remote="130750248600000000" Dst="2" />
<file name="brandau_iconic_expression-2.jpg" server="ftp.mikedryburgh.com//public_html/mikedryburgh.com/" local="130748472360000000" remote="130750248600000000" Dst="2" />
<file name="brandau_iconic_expression-3.jpg" server="ftp.mikedryburgh.com//public_html/mikedryburgh.com/" local="130748472520000000" remote="130750248600000000" Dst="2" />
<file name="brandau_iconic_expression-4.jpg" server="ftp.mikedryburgh.com//public_html/mikedryburgh.com/" local="130748472760000000" remote="130750248600000000" Dst="2" />
<file name="Emily_Jicha_MagazineCover.jpg" server="ftp.mikedryburgh.com//public_html/mikedryburgh.com/" local="130748474300000000" remote="130750248600000000" Dst="2" />
<file name="hung.jpg" server="ftp.mikedryburgh.com//public_html/mikedryburgh.com/" local="130748475240000000" remote="130750248600000000" Dst="2" />
<file name="jeremy-guajardo.jpg" server="ftp.mikedryburgh.com//public_html/mikedryburgh.com/" local="130748475620000000" remote="130750248600000000" Dst="2" />
<file name="jeremy-guajardo2.jpg" server="ftp.mikedryburgh.com//public_html/mikedryburgh.com/" local="130748475940000000" remote="130750248600000000" Dst="2" />
<file name="LindaNguyen.jpg" server="ftp.mikedryburgh.com//public_html/mikedryburgh.com/" local="130748476220000000" remote="130750248600000000" Dst="2" />
<file name="sandra.jpg" server="ftp.mikedryburgh.com//public_html/mikedryburgh.com/" local="130748476660000000" remote="130750248600000000" Dst="2" />
<file name="sonia.jpg" server="ftp.mikedryburgh.com//public_html/mikedryburgh.com/" local="130748477160000000" remote="130750248600000000" Dst="2" />
<file name="586045-622182---Amy-Chambers---Dec-4-2013-917-PM---achambersSymbols---winec6_4.jpg" server="ftp.mikedryburgh.com//public_html/mikedryburgh.com/" local="130748466120000000" remote="130750947000000000" Dst="2" />
<file name="586045-622182---Amy-Chambers---Dec-4-2013-917-PM---achambersSymbols---winec6_5.jpg" server="ftp.mikedryburgh.com//public_html/mikedryburgh.com/" local="130748466440000000" remote="130750947000000000" Dst="2" />
<file name="586045-622182---Amy-Chambers---Dec-4-2013-917-PM---achambersSymbols---winec6_6.jpg" server="ftp.mikedryburgh.com//public_html/mikedryburgh.com/" local="130748466640000000" remote="130750947000000000" Dst="2" />
<file name="612265-622182---Andrea-Brandau---Dec-5-2013-816-AM---brandau_symbols.jpg" server="ftp.mikedryburgh.com//public_html/mikedryburgh.com/" local="130748464800000000" remote="130750947000000000" Dst="2" />
<file name="679894-622182---Brock-Albert---Dec-5-2013-755-AM---brock_albert-ICONS.jpg" server="ftp.mikedryburgh.com//public_html/mikedryburgh.com/" local="130748465620000000" remote="130750947000000000" Dst="2" />
</dwsync>