<?xml version="1.0" encoding="utf-8" ?>
<dwsync>
<file name="index.html" server="ftp.mikedryburgh.com//public_html/mikedryburgh.com/" local="130754042000000000" remote="130754093400000000" Dst="2" />
<file name="humans.txt" server="ftp.mikedryburgh.com//public_html/mikedryburgh.com/" local="130748289920000000" remote="130748354400000000" Dst="2" />
<file name="faculty.html" server="ftp.mikedryburgh.com//public_html/mikedryburgh.com/" local="130754062100000000" remote="130754098800000000" Dst="2" />
<file name="gallery.html" server="ftp.mikedryburgh.com//public_html/mikedryburgh.com/" local="130754061620000000" remote="130754098800000000" Dst="2" />
<file name="lab.html" server="ftp.mikedryburgh.com//public_html/mikedryburgh.com/" local="130754062300000000" remote="130754098800000000" Dst="2" />
<file name="robots.txt" server="ftp.mikedryburgh.com//public_html/mikedryburgh.com/" local="130667158260000000" remote="130744691400000000" Dst="2" />
<file name="video.html" server="ftp.mikedryburgh.com//public_html/mikedryburgh.com/" local="130754062880000000" remote="130754098800000000" Dst="2" />
<file name="programs.html" server="ftp.mikedryburgh.com//public_html/mikedryburgh.com/" local="130754061540000000" remote="130754098800000000" Dst="2" />
<file name="Programs.html" server="ftp.mikedryburgh.com//public_html/mikedryburgh.com/" local="130748071200000000" remote="130748107200000000" Dst="2" />
<file name="404.html" server="ftp.mikedryburgh.com//public_html/mikedryburgh.com/" local="130748434280000000" remote="130748473200000000" Dst="2" />
<file name="graphicdesign.html" server="ftp.mikedryburgh.com//public_html/mikedryburgh.com/" local="130753570980000000" remote="130753613400000000" Dst="2" />
<file name="webdesign.html" server="ftp.mikedryburgh.com//public_html/mikedryburgh.com/" local="130753576060000000" remote="130753613400000000" Dst="2" />
<file name="animationsound.html" server="ftp.mikedryburgh.com//public_html/mikedryburgh.com/" local="130754062640000000" remote="130754098800000000" Dst="2" />
</dwsync>